-- MySQL dump 10.13  Distrib 8.0.13, for macos10.14 (x86_64)
--
-- Host: 127.0.0.1    Database: eshop
-- ------------------------------------------------------
-- Server version	8.0.13

/*!40101 SET @OLD_CHARACTER_SET_CLIENT=@@CHARACTER_SET_CLIENT */;
/*!40101 SET @OLD_CHARACTER_SET_RESULTS=@@CHARACTER_SET_RESULTS */;
/*!40101 SET @OLD_COLLATION_CONNECTION=@@COLLATION_CONNECTION */;
 SET NAMES utf8mb4 ;
/*!40103 SET @OLD_TIME_ZONE=@@TIME_ZONE */;
/*!40103 SET TIME_ZONE='+00:00' */;
/*!40014 SET @OLD_UNIQUE_CHECKS=@@UNIQUE_CHECKS, UNIQUE_CHECKS=0 */;
/*!40014 SET @OLD_FOREIGN_KEY_CHECKS=@@FOREIGN_KEY_CHECKS, FOREIGN_KEY_CHECKS=0 */;
/*!40101 SET @OLD_SQL_MODE=@@SQL_MODE, SQL_MODE='NO_AUTO_VALUE_ON_ZERO' */;
/*!40111 SET @OLD_SQL_NOTES=@@SQL_NOTES, SQL_NOTES=0 */;

--
-- Table structure for table `customer`
--

DROP TABLE IF EXISTS `customer`;
/*!40101 SET @saved_cs_client     = @@character_set_client */;
 SET character_set_client = utf8mb4 ;
CREATE TABLE `customer` (
  `id` int(11) NOT NULL,
  `first_name` char(20) COLLATE utf8_swedish_ci DEFAULT NULL,
  `last_name` char(20) COLLATE utf8_swedish_ci DEFAULT NULL,
  PRIMARY KEY (`id`)
) ENGINE=InnoDB DEFAULT CHARSET=utf8 COLLATE=utf8_swedish_ci;
/*!40101 SET character_set_client = @saved_cs_client */;

--
-- Dumping data for table `customer`
--

LOCK TABLES `customer` WRITE;
/*!40000 ALTER TABLE `customer` DISABLE KEYS */;
INSERT INTO `customer` VALUES (1,'Bengt','Olsson'),(2,'Emma','Sandberg'),(3,'Kurt','Cobain'),(4,'Adam','Jones'),(5,'PJ','Harvey');
/*!40000 ALTER TABLE `customer` ENABLE KEYS */;
UNLOCK TABLES;

--
-- Table structure for table `event_log`
--

DROP TABLE IF EXISTS `event_log`;
/*!40101 SET @saved_cs_client     = @@character_set_client */;
 SET character_set_client = utf8mb4 ;
CREATE TABLE `event_log` (
  `id` int(11) NOT NULL AUTO_INCREMENT,
  `when` timestamp NULL DEFAULT CURRENT_TIMESTAMP,
  `event` varchar(200) COLLATE utf8_swedish_ci DEFAULT NULL,
  `what` int(11) DEFAULT NULL,
  PRIMARY KEY (`id`)
) ENGINE=InnoDB AUTO_INCREMENT=13 DEFAULT CHARSET=utf8 COLLATE=utf8_swedish_ci;
/*!40101 SET character_set_client = @saved_cs_client */;

--
-- Dumping data for table `event_log`
--

LOCK TABLES `event_log` WRITE;
/*!40000 ALTER TABLE `event_log` DISABLE KEYS */;
INSERT INTO `event_log` VALUES (1,'2019-03-01 09:07:54','Ny produkt lades till med produkt id:',1),(2,'2019-03-01 09:07:54','Ny produkt lades till med produkt id:',2),(3,'2019-03-01 09:07:54','Ny produkt lades till med produkt id:',3),(4,'2019-03-01 09:07:54','Ny produkt lades till med produkt id:',4),(5,'2019-03-01 09:07:54','Ny produkt lades till med produkt id:',5),(6,'2019-03-01 09:08:25','Ny produkt lades till med produkt id:',8),(7,'2019-03-01 09:08:25','En produkt har raderats som hade id:',8),(8,'2019-03-01 09:11:03','Detaljer har uppdaterats om produkt med id:',1),(9,'2019-03-01 09:11:19','Detaljer har uppdaterats om produkt med id:',1),(10,'2019-03-01 09:15:37','Detaljer har uppdaterats om produkt med id:',3),(11,'2019-03-01 09:15:54','Ny produkt lades till med produkt id:',6),(12,'2019-03-01 09:16:08','En produkt har raderats som hade id:',6);
/*!40000 ALTER TABLE `event_log` ENABLE KEYS */;
UNLOCK TABLES;

--
-- Table structure for table `invoice`
--

DROP TABLE IF EXISTS `invoice`;
/*!40101 SET @saved_cs_client     = @@character_set_client */;
 SET character_set_client = utf8mb4 ;
CREATE TABLE `invoice` (
  `id` int(11) NOT NULL,
  `order` int(11) DEFAULT NULL,
  `customer` int(11) DEFAULT NULL,
  `created` datetime DEFAULT NULL,
  PRIMARY KEY (`id`),
  KEY `order` (`order`),
  KEY `customer` (`customer`),
  CONSTRAINT `invoice_ibfk_1` FOREIGN KEY (`order`) REFERENCES `order` (`id`),
  CONSTRAINT `invoice_ibfk_2` FOREIGN KEY (`customer`) REFERENCES `customer` (`id`)
) ENGINE=InnoDB DEFAULT CHARSET=utf8 COLLATE=utf8_swedish_ci;
/*!40101 SET character_set_client = @saved_cs_client */;

--
-- Dumping data for table `invoice`
--

LOCK TABLES `invoice` WRITE;
/*!40000 ALTER TABLE `invoice` DISABLE KEYS */;
/*!40000 ALTER TABLE `invoice` ENABLE KEYS */;
UNLOCK TABLES;

--
-- Table structure for table `invoice_row`
--

DROP TABLE IF EXISTS `invoice_row`;
/*!40101 SET @saved_cs_client     = @@character_set_client */;
 SET character_set_client = utf8mb4 ;
CREATE TABLE `invoice_row` (
  `id` int(11) NOT NULL,
  `invoice` int(11) DEFAULT NULL,
  `product` int(11) DEFAULT NULL,
  `items` int(11) DEFAULT NULL,
  PRIMARY KEY (`id`),
  KEY `invoice` (`invoice`),
  KEY `product` (`product`),
  CONSTRAINT `invoice_row_ibfk_1` FOREIGN KEY (`invoice`) REFERENCES `invoice` (`id`),
  CONSTRAINT `invoice_row_ibfk_2` FOREIGN KEY (`product`) REFERENCES `product` (`id`)
) ENGINE=InnoDB DEFAULT CHARSET=utf8 COLLATE=utf8_swedish_ci;
/*!40101 SET character_set_client = @saved_cs_client */;

--
-- Dumping data for table `invoice_row`
--

LOCK TABLES `invoice_row` WRITE;
/*!40000 ALTER TABLE `invoice_row` DISABLE KEYS */;
/*!40000 ALTER TABLE `invoice_row` ENABLE KEYS */;
UNLOCK TABLES;

--
-- Table structure for table `order`
--

DROP TABLE IF EXISTS `order`;
/*!40101 SET @saved_cs_client     = @@character_set_client */;
 SET character_set_client = utf8mb4 ;
CREATE TABLE `order` (
  `id` int(11) NOT NULL,
  `customer_id` int(11) DEFAULT NULL,
  PRIMARY KEY (`id`),
  KEY `customer_id` (`customer_id`),
  CONSTRAINT `order_ibfk_1` FOREIGN KEY (`customer_id`) REFERENCES `customer` (`id`)
) ENGINE=InnoDB DEFAULT CHARSET=utf8 COLLATE=utf8_swedish_ci;
/*!40101 SET character_set_client = @saved_cs_client */;

--
-- Dumping data for table `order`
--

LOCK TABLES `order` WRITE;
/*!40000 ALTER TABLE `order` DISABLE KEYS */;
/*!40000 ALTER TABLE `order` ENABLE KEYS */;
UNLOCK TABLES;

--
-- Table structure for table `order_row`
--

DROP TABLE IF EXISTS `order_row`;
/*!40101 SET @saved_cs_client     = @@character_set_client */;
 SET character_set_client = utf8mb4 ;
CREATE TABLE `order_row` (
  `id` int(11) NOT NULL,
  `order` int(11) DEFAULT NULL,
  `product` int(11) DEFAULT NULL,
  `items` int(11) DEFAULT NULL,
  PRIMARY KEY (`id`),
  KEY `order` (`order`),
  KEY `product` (`product`),
  CONSTRAINT `order_row_ibfk_1` FOREIGN KEY (`order`) REFERENCES `order` (`id`),
  CONSTRAINT `order_row_ibfk_2` FOREIGN KEY (`product`) REFERENCES `product` (`id`)
) ENGINE=InnoDB DEFAULT CHARSET=utf8 COLLATE=utf8_swedish_ci;
/*!40101 SET character_set_client = @saved_cs_client */;

--
-- Dumping data for table `order_row`
--

LOCK TABLES `order_row` WRITE;
/*!40000 ALTER TABLE `order_row` DISABLE KEYS */;
/*!40000 ALTER TABLE `order_row` ENABLE KEYS */;
UNLOCK TABLES;

--
-- Table structure for table `prod_cat`
--

DROP TABLE IF EXISTS `prod_cat`;
/*!40101 SET @saved_cs_client     = @@character_set_client */;
 SET character_set_client = utf8mb4 ;
CREATE TABLE `prod_cat` (
  `id` int(11) NOT NULL,
  `category` varchar(45) COLLATE utf8_swedish_ci DEFAULT NULL,
  PRIMARY KEY (`id`)
) ENGINE=InnoDB DEFAULT CHARSET=utf8 COLLATE=utf8_swedish_ci;
/*!40101 SET character_set_client = @saved_cs_client */;

--
-- Dumping data for table `prod_cat`
--

LOCK TABLES `prod_cat` WRITE;
/*!40000 ALTER TABLE `prod_cat` DISABLE KEYS */;
INSERT INTO `prod_cat` VALUES (1,'Metal'),(2,'Americana'),(3,'Rock'),(4,'90’s'),(5,'10’s');
/*!40000 ALTER TABLE `prod_cat` ENABLE KEYS */;
UNLOCK TABLES;

--
-- Table structure for table `product`
--

DROP TABLE IF EXISTS `product`;
/*!40101 SET @saved_cs_client     = @@character_set_client */;
 SET character_set_client = utf8mb4 ;
CREATE TABLE `product` (
  `id` int(11) NOT NULL,
  `description` varchar(40) COLLATE utf8_swedish_ci DEFAULT NULL,
  `price` int(11) DEFAULT NULL,
  PRIMARY KEY (`id`)
) ENGINE=InnoDB DEFAULT CHARSET=utf8 COLLATE=utf8_swedish_ci;
/*!40101 SET character_set_client = @saved_cs_client */;

--
-- Dumping data for table `product`
--

LOCK TABLES `product` WRITE;
/*!40000 ALTER TABLE `product` DISABLE KEYS */;
INSERT INTO `product` VALUES (1,'Tool - 10000 days',150),(2,'A Perfect Circle - Eat The Elephant',200),(3,'Smashing Pumpkins - Shiny',150),(4,'Daniel Norgren - The Green Stone',99),(5,'Magic Potion - Pink Gum',129);
/*!40000 ALTER TABLE `product` ENABLE KEYS */;
UNLOCK TABLES;
/*!50003 SET @saved_cs_client      = @@character_set_client */ ;
/*!50003 SET @saved_cs_results     = @@character_set_results */ ;
/*!50003 SET @saved_col_connection = @@collation_connection */ ;
/*!50003 SET character_set_client  = utf8 */ ;
/*!50003 SET character_set_results = utf8 */ ;
/*!50003 SET collation_connection  = utf8_general_ci */ ;
/*!50003 SET @saved_sql_mode       = @@sql_mode */ ;
/*!50003 SET sql_mode              = 'ONLY_FULL_GROUP_BY,STRICT_TRANS_TABLES,NO_ZERO_IN_DATE,NO_ZERO_DATE,ERROR_FOR_DIVISION_BY_ZERO,NO_ENGINE_SUBSTITUTION' */ ;
DELIMITER ;;
/*!50003 CREATE*/ /*!50017 DEFINER=`user`@`%`*/ /*!50003 TRIGGER `log_product_insert` AFTER INSERT ON `product` FOR EACH ROW INSERT INTO `event_log`
        (`event`, `what`)
    VALUES
        ("Ny produkt lades till med produkt id:", NEW.id) */;;
DELIMITER ;
/*!50003 SET sql_mode              = @saved_sql_mode */ ;
/*!50003 SET character_set_client  = @saved_cs_client */ ;
/*!50003 SET character_set_results = @saved_cs_results */ ;
/*!50003 SET collation_connection  = @saved_col_connection */ ;
/*!50003 SET @saved_cs_client      = @@character_set_client */ ;
/*!50003 SET @saved_cs_results     = @@character_set_results */ ;
/*!50003 SET @saved_col_connection = @@collation_connection */ ;
/*!50003 SET character_set_client  = utf8 */ ;
/*!50003 SET character_set_results = utf8 */ ;
/*!50003 SET collation_connection  = utf8_general_ci */ ;
/*!50003 SET @saved_sql_mode       = @@sql_mode */ ;
/*!50003 SET sql_mode              = 'ONLY_FULL_GROUP_BY,STRICT_TRANS_TABLES,NO_ZERO_IN_DATE,NO_ZERO_DATE,ERROR_FOR_DIVISION_BY_ZERO,NO_ENGINE_SUBSTITUTION' */ ;
DELIMITER ;;
/*!50003 CREATE*/ /*!50017 DEFINER=`user`@`%`*/ /*!50003 TRIGGER `log_product_update` AFTER UPDATE ON `product` FOR EACH ROW INSERT INTO `event_log`
        (`event`, `what`)
    VALUES
        ("Detaljer har uppdaterats om produkt med id:", NEW.id) */;;
DELIMITER ;
/*!50003 SET sql_mode              = @saved_sql_mode */ ;
/*!50003 SET character_set_client  = @saved_cs_client */ ;
/*!50003 SET character_set_results = @saved_cs_results */ ;
/*!50003 SET collation_connection  = @saved_col_connection */ ;
/*!50003 SET @saved_cs_client      = @@character_set_client */ ;
/*!50003 SET @saved_cs_results     = @@character_set_results */ ;
/*!50003 SET @saved_col_connection = @@collation_connection */ ;
/*!50003 SET character_set_client  = utf8 */ ;
/*!50003 SET character_set_results = utf8 */ ;
/*!50003 SET collation_connection  = utf8_general_ci */ ;
/*!50003 SET @saved_sql_mode       = @@sql_mode */ ;
/*!50003 SET sql_mode              = 'ONLY_FULL_GROUP_BY,STRICT_TRANS_TABLES,NO_ZERO_IN_DATE,NO_ZERO_DATE,ERROR_FOR_DIVISION_BY_ZERO,NO_ENGINE_SUBSTITUTION' */ ;
DELIMITER ;;
/*!50003 CREATE*/ /*!50017 DEFINER=`user`@`%`*/ /*!50003 TRIGGER `log_product_delete` AFTER DELETE ON `product` FOR EACH ROW INSERT INTO `event_log`
        (`event`, `what`)
    VALUES
        ("En produkt har raderats som hade id:", OLD.id) */;;
DELIMITER ;
/*!50003 SET sql_mode              = @saved_sql_mode */ ;
/*!50003 SET character_set_client  = @saved_cs_client */ ;
/*!50003 SET character_set_results = @saved_cs_results */ ;
/*!50003 SET collation_connection  = @saved_col_connection */ ;

--
-- Table structure for table `producttocat`
--

DROP TABLE IF EXISTS `producttocat`;
/*!40101 SET @saved_cs_client     = @@character_set_client */;
 SET character_set_client = utf8mb4 ;
CREATE TABLE `producttocat` (
  `id` int(11) NOT NULL,
  `prod_id` int(11) DEFAULT NULL,
  `cat_id` int(11) DEFAULT NULL,
  PRIMARY KEY (`id`),
  KEY `prod_id` (`prod_id`),
  KEY `cat_id` (`cat_id`),
  CONSTRAINT `producttocat_ibfk_1` FOREIGN KEY (`prod_id`) REFERENCES `product` (`id`),
  CONSTRAINT `producttocat_ibfk_2` FOREIGN KEY (`cat_id`) REFERENCES `prod_cat` (`id`)
) ENGINE=InnoDB DEFAULT CHARSET=utf8 COLLATE=utf8_swedish_ci;
/*!40101 SET character_set_client = @saved_cs_client */;

--
-- Dumping data for table `producttocat`
--

LOCK TABLES `producttocat` WRITE;
/*!40000 ALTER TABLE `producttocat` DISABLE KEYS */;
INSERT INTO `producttocat` VALUES (1,1,1),(2,2,3),(3,2,5),(4,3,4),(5,3,3),(6,4,2),(7,4,5),(8,5,5);
/*!40000 ALTER TABLE `producttocat` ENABLE KEYS */;
UNLOCK TABLES;

--
-- Temporary view structure for view `v_inventory`
--

DROP TABLE IF EXISTS `v_inventory`;
/*!50001 DROP VIEW IF EXISTS `v_inventory`*/;
SET @saved_cs_client     = @@character_set_client;
SET character_set_client = utf8mb4;
/*!50001 CREATE VIEW `v_inventory` AS SELECT 
 1 AS `id`,
 1 AS `article`,
 1 AS `shelf`,
 1 AS `stock`*/;
SET character_set_client = @saved_cs_client;

--
-- Temporary view structure for view `vpick_list`
--

DROP TABLE IF EXISTS `vpick_list`;
/*!50001 DROP VIEW IF EXISTS `vpick_list`*/;
SET @saved_cs_client     = @@character_set_client;
SET character_set_client = utf8mb4;
/*!50001 CREATE VIEW `vpick_list` AS SELECT 
 1 AS `order_number`,
 1 AS `order_row`,
 1 AS `description`,
 1 AS `items_ordered`,
 1 AS `shelf`,
 1 AS `shelf_location`,
 1 AS `items_avaliable`*/;
SET character_set_client = @saved_cs_client;

--
-- Table structure for table `warehouse`
--

DROP TABLE IF EXISTS `warehouse`;
/*!40101 SET @saved_cs_client     = @@character_set_client */;
 SET character_set_client = utf8mb4 ;
CREATE TABLE `warehouse` (
  `id` int(11) NOT NULL,
  `product_id` int(11) DEFAULT NULL,
  `shelf_id` int(11) DEFAULT NULL,
  `items` int(11) DEFAULT NULL,
  PRIMARY KEY (`id`),
  KEY `product_id` (`product_id`),
  KEY `shelf_id` (`shelf_id`),
  CONSTRAINT `warehouse_ibfk_1` FOREIGN KEY (`product_id`) REFERENCES `product` (`id`),
  CONSTRAINT `warehouse_ibfk_2` FOREIGN KEY (`shelf_id`) REFERENCES `warehouse_shelf` (`shelf_id`)
) ENGINE=InnoDB DEFAULT CHARSET=utf8 COLLATE=utf8_swedish_ci;
/*!40101 SET character_set_client = @saved_cs_client */;

--
-- Dumping data for table `warehouse`
--

LOCK TABLES `warehouse` WRITE;
/*!40000 ALTER TABLE `warehouse` DISABLE KEYS */;
INSERT INTO `warehouse` VALUES (1,1,1,60),(2,2,2,50),(3,3,3,44),(4,4,4,50),(5,5,5,40);
/*!40000 ALTER TABLE `warehouse` ENABLE KEYS */;
UNLOCK TABLES;

--
-- Table structure for table `warehouse_shelf`
--

DROP TABLE IF EXISTS `warehouse_shelf`;
/*!40101 SET @saved_cs_client     = @@character_set_client */;
 SET character_set_client = utf8mb4 ;
CREATE TABLE `warehouse_shelf` (
  `shelf_id` int(11) NOT NULL,
  `description` varchar(45) COLLATE utf8_swedish_ci DEFAULT NULL,
  PRIMARY KEY (`shelf_id`)
) ENGINE=InnoDB DEFAULT CHARSET=utf8 COLLATE=utf8_swedish_ci;
/*!40101 SET character_set_client = @saved_cs_client */;

--
-- Dumping data for table `warehouse_shelf`
--

LOCK TABLES `warehouse_shelf` WRITE;
/*!40000 ALTER TABLE `warehouse_shelf` DISABLE KEYS */;
INSERT INTO `warehouse_shelf` VALUES (1,'A:101'),(2,'B:101'),(3,'C:101'),(4,'D:101'),(5,'E:101');
/*!40000 ALTER TABLE `warehouse_shelf` ENABLE KEYS */;
UNLOCK TABLES;

--
-- Dumping routines for database 'eshop'
--
/*!50003 DROP PROCEDURE IF EXISTS `add_to_shelf` */;
/*!50003 SET @saved_cs_client      = @@character_set_client */ ;
/*!50003 SET @saved_cs_results     = @@character_set_results */ ;
/*!50003 SET @saved_col_connection = @@collation_connection */ ;
/*!50003 SET character_set_client  = utf8 */ ;
/*!50003 SET character_set_results = utf8 */ ;
/*!50003 SET collation_connection  = utf8_general_ci */ ;
/*!50003 SET @saved_sql_mode       = @@sql_mode */ ;
/*!50003 SET sql_mode              = 'ONLY_FULL_GROUP_BY,STRICT_TRANS_TABLES,NO_ZERO_IN_DATE,NO_ZERO_DATE,ERROR_FOR_DIVISION_BY_ZERO,NO_ENGINE_SUBSTITUTION' */ ;
DELIMITER ;;
CREATE DEFINER=`user`@`%` PROCEDURE `add_to_shelf`(
    a_id INT,
    a_shelf VARCHAR(10),
    a_stock INT
)
BEGIN
    DECLARE current_stock INT;
    DECLARE b_shelf VARCHAR(5);

    START TRANSACTION;

    SET current_stock = (SELECT items FROM warehouse WHERE product_id = a_id);

    SET b_shelf = (SELECT description FROM warehouse_shelf WHERE description = a_shelf);

    IF current_stock >= 0 THEN
        UPDATE warehouse
            SET
                items = items + a_stock
            WHERE
                product_id = a_id
                AND b_shelf = a_shelf;
    ELSE
        ROLLBACK;
        SELECT "Can't add stock to this product";

    END IF;

    COMMIT;

END ;;
DELIMITER ;
/*!50003 SET sql_mode              = @saved_sql_mode */ ;
/*!50003 SET character_set_client  = @saved_cs_client */ ;
/*!50003 SET character_set_results = @saved_cs_results */ ;
/*!50003 SET collation_connection  = @saved_col_connection */ ;
/*!50003 DROP PROCEDURE IF EXISTS `create_product` */;
/*!50003 SET @saved_cs_client      = @@character_set_client */ ;
/*!50003 SET @saved_cs_results     = @@character_set_results */ ;
/*!50003 SET @saved_col_connection = @@collation_connection */ ;
/*!50003 SET character_set_client  = utf8 */ ;
/*!50003 SET character_set_results = utf8 */ ;
/*!50003 SET collation_connection  = utf8_general_ci */ ;
/*!50003 SET @saved_sql_mode       = @@sql_mode */ ;
/*!50003 SET sql_mode              = 'ONLY_FULL_GROUP_BY,STRICT_TRANS_TABLES,NO_ZERO_IN_DATE,NO_ZERO_DATE,ERROR_FOR_DIVISION_BY_ZERO,NO_ENGINE_SUBSTITUTION' */ ;
DELIMITER ;;
CREATE DEFINER=`user`@`%` PROCEDURE `create_product`(
    a_id INT,
    a_description VARCHAR(40),
    a_price INT
)
BEGIN
    INSERT INTO product VALUES (a_id, a_description, a_price);
END ;;
DELIMITER ;
/*!50003 SET sql_mode              = @saved_sql_mode */ ;
/*!50003 SET character_set_client  = @saved_cs_client */ ;
/*!50003 SET character_set_results = @saved_cs_results */ ;
/*!50003 SET collation_connection  = @saved_col_connection */ ;
/*!50003 DROP PROCEDURE IF EXISTS `delete_product` */;
/*!50003 SET @saved_cs_client      = @@character_set_client */ ;
/*!50003 SET @saved_cs_results     = @@character_set_results */ ;
/*!50003 SET @saved_col_connection = @@collation_connection */ ;
/*!50003 SET character_set_client  = utf8 */ ;
/*!50003 SET character_set_results = utf8 */ ;
/*!50003 SET collation_connection  = utf8_general_ci */ ;
/*!50003 SET @saved_sql_mode       = @@sql_mode */ ;
/*!50003 SET sql_mode              = 'ONLY_FULL_GROUP_BY,STRICT_TRANS_TABLES,NO_ZERO_IN_DATE,NO_ZERO_DATE,ERROR_FOR_DIVISION_BY_ZERO,NO_ENGINE_SUBSTITUTION' */ ;
DELIMITER ;;
CREATE DEFINER=`user`@`%` PROCEDURE `delete_product`(
    a_id INT
)
BEGIN
    DELETE FROM product WHERE id = a_id;
END ;;
DELIMITER ;
/*!50003 SET sql_mode              = @saved_sql_mode */ ;
/*!50003 SET character_set_client  = @saved_cs_client */ ;
/*!50003 SET character_set_results = @saved_cs_results */ ;
/*!50003 SET collation_connection  = @saved_col_connection */ ;
/*!50003 DROP PROCEDURE IF EXISTS `edit_product` */;
/*!50003 SET @saved_cs_client      = @@character_set_client */ ;
/*!50003 SET @saved_cs_results     = @@character_set_results */ ;
/*!50003 SET @saved_col_connection = @@collation_connection */ ;
/*!50003 SET character_set_client  = utf8 */ ;
/*!50003 SET character_set_results = utf8 */ ;
/*!50003 SET collation_connection  = utf8_general_ci */ ;
/*!50003 SET @saved_sql_mode       = @@sql_mode */ ;
/*!50003 SET sql_mode              = 'ONLY_FULL_GROUP_BY,STRICT_TRANS_TABLES,NO_ZERO_IN_DATE,NO_ZERO_DATE,ERROR_FOR_DIVISION_BY_ZERO,NO_ENGINE_SUBSTITUTION' */ ;
DELIMITER ;;
CREATE DEFINER=`user`@`%` PROCEDURE `edit_product`(
    a_id INT,
    a_description VARCHAR(40),
    a_price INT
)
BEGIN
    UPDATE product SET
        `description` = a_description,
        `price` = a_price
    WHERE
        `id` = a_id;
END ;;
DELIMITER ;
/*!50003 SET sql_mode              = @saved_sql_mode */ ;
/*!50003 SET character_set_client  = @saved_cs_client */ ;
/*!50003 SET character_set_results = @saved_cs_results */ ;
/*!50003 SET collation_connection  = @saved_col_connection */ ;
/*!50003 DROP PROCEDURE IF EXISTS `remove_from_shelf` */;
/*!50003 SET @saved_cs_client      = @@character_set_client */ ;
/*!50003 SET @saved_cs_results     = @@character_set_results */ ;
/*!50003 SET @saved_col_connection = @@collation_connection */ ;
/*!50003 SET character_set_client  = utf8 */ ;
/*!50003 SET character_set_results = utf8 */ ;
/*!50003 SET collation_connection  = utf8_general_ci */ ;
/*!50003 SET @saved_sql_mode       = @@sql_mode */ ;
/*!50003 SET sql_mode              = 'ONLY_FULL_GROUP_BY,STRICT_TRANS_TABLES,NO_ZERO_IN_DATE,NO_ZERO_DATE,ERROR_FOR_DIVISION_BY_ZERO,NO_ENGINE_SUBSTITUTION' */ ;
DELIMITER ;;
CREATE DEFINER=`user`@`%` PROCEDURE `remove_from_shelf`(
    a_id INT,
    a_shelf VARCHAR(10),
    a_stock INT
)
BEGIN
    DECLARE current_stock INT;
    DECLARE b_shelf VARCHAR(5);

    START TRANSACTION;

    SET current_stock = (SELECT items FROM warehouse WHERE product_id = a_id);
    SELECT current_stock;

    SET b_shelf = (SELECT description FROM warehouse_shelf WHERE description = a_shelf);
    SELECT b_shelf;

    IF current_stock > 0 THEN
        UPDATE warehouse
            SET
                items = items - a_stock
            WHERE
                product_id = a_id
                AND b_shelf = a_shelf;
    ELSE
        ROLLBACK;
        SELECT "Can't remove stock from this product";

    END IF;

    COMMIT;

END ;;
DELIMITER ;
/*!50003 SET sql_mode              = @saved_sql_mode */ ;
/*!50003 SET character_set_client  = @saved_cs_client */ ;
/*!50003 SET character_set_results = @saved_cs_results */ ;
/*!50003 SET collation_connection  = @saved_col_connection */ ;
/*!50003 DROP PROCEDURE IF EXISTS `search_product` */;
/*!50003 SET @saved_cs_client      = @@character_set_client */ ;
/*!50003 SET @saved_cs_results     = @@character_set_results */ ;
/*!50003 SET @saved_col_connection = @@collation_connection */ ;
/*!50003 SET character_set_client  = utf8 */ ;
/*!50003 SET character_set_results = utf8 */ ;
/*!50003 SET collation_connection  = utf8_general_ci */ ;
/*!50003 SET @saved_sql_mode       = @@sql_mode */ ;
/*!50003 SET sql_mode              = 'ONLY_FULL_GROUP_BY,STRICT_TRANS_TABLES,NO_ZERO_IN_DATE,NO_ZERO_DATE,ERROR_FOR_DIVISION_BY_ZERO,NO_ENGINE_SUBSTITUTION' */ ;
DELIMITER ;;
CREATE DEFINER=`user`@`%` PROCEDURE `search_product`(
    a_search VARCHAR(20)
)
BEGIN
    SELECT
        `id`,
        `article`,
        `shelf`,
        `stock`
    FROM `v_inventory`
    WHERE
        `id` LIKE a_search
        OR `article` LIKE a_search
        OR `shelf` LIKE a_search
    ;
END ;;
DELIMITER ;
/*!50003 SET sql_mode              = @saved_sql_mode */ ;
/*!50003 SET character_set_client  = @saved_cs_client */ ;
/*!50003 SET character_set_results = @saved_cs_results */ ;
/*!50003 SET collation_connection  = @saved_col_connection */ ;
/*!50003 DROP PROCEDURE IF EXISTS `show_a_product` */;
/*!50003 SET @saved_cs_client      = @@character_set_client */ ;
/*!50003 SET @saved_cs_results     = @@character_set_results */ ;
/*!50003 SET @saved_col_connection = @@collation_connection */ ;
/*!50003 SET character_set_client  = utf8 */ ;
/*!50003 SET character_set_results = utf8 */ ;
/*!50003 SET collation_connection  = utf8_general_ci */ ;
/*!50003 SET @saved_sql_mode       = @@sql_mode */ ;
/*!50003 SET sql_mode              = 'ONLY_FULL_GROUP_BY,STRICT_TRANS_TABLES,NO_ZERO_IN_DATE,NO_ZERO_DATE,ERROR_FOR_DIVISION_BY_ZERO,NO_ENGINE_SUBSTITUTION' */ ;
DELIMITER ;;
CREATE DEFINER=`user`@`%` PROCEDURE `show_a_product`(
    a_id INT
)
BEGIN
    SELECT * FROM product WHERE id = a_id;
END ;;
DELIMITER ;
/*!50003 SET sql_mode              = @saved_sql_mode */ ;
/*!50003 SET character_set_client  = @saved_cs_client */ ;
/*!50003 SET character_set_results = @saved_cs_results */ ;
/*!50003 SET collation_connection  = @saved_col_connection */ ;
/*!50003 DROP PROCEDURE IF EXISTS `show_category` */;
/*!50003 SET @saved_cs_client      = @@character_set_client */ ;
/*!50003 SET @saved_cs_results     = @@character_set_results */ ;
/*!50003 SET @saved_col_connection = @@collation_connection */ ;
/*!50003 SET character_set_client  = utf8 */ ;
/*!50003 SET character_set_results = utf8 */ ;
/*!50003 SET collation_connection  = utf8_general_ci */ ;
/*!50003 SET @saved_sql_mode       = @@sql_mode */ ;
/*!50003 SET sql_mode              = 'ONLY_FULL_GROUP_BY,STRICT_TRANS_TABLES,NO_ZERO_IN_DATE,NO_ZERO_DATE,ERROR_FOR_DIVISION_BY_ZERO,NO_ENGINE_SUBSTITUTION' */ ;
DELIMITER ;;
CREATE DEFINER=`user`@`%` PROCEDURE `show_category`()
BEGIN
    SELECT * FROM prod_cat;
END ;;
DELIMITER ;
/*!50003 SET sql_mode              = @saved_sql_mode */ ;
/*!50003 SET character_set_client  = @saved_cs_client */ ;
/*!50003 SET character_set_results = @saved_cs_results */ ;
/*!50003 SET collation_connection  = @saved_col_connection */ ;
/*!50003 DROP PROCEDURE IF EXISTS `show_inventory` */;
/*!50003 SET @saved_cs_client      = @@character_set_client */ ;
/*!50003 SET @saved_cs_results     = @@character_set_results */ ;
/*!50003 SET @saved_col_connection = @@collation_connection */ ;
/*!50003 SET character_set_client  = utf8 */ ;
/*!50003 SET character_set_results = utf8 */ ;
/*!50003 SET collation_connection  = utf8_general_ci */ ;
/*!50003 SET @saved_sql_mode       = @@sql_mode */ ;
/*!50003 SET sql_mode              = 'ONLY_FULL_GROUP_BY,STRICT_TRANS_TABLES,NO_ZERO_IN_DATE,NO_ZERO_DATE,ERROR_FOR_DIVISION_BY_ZERO,NO_ENGINE_SUBSTITUTION' */ ;
DELIMITER ;;
CREATE DEFINER=`user`@`%` PROCEDURE `show_inventory`()
BEGIN
    SELECT
        `p`.`id` AS `id`,
        `p`.`description` AS `article`,
        `ws`.`description` AS `shelf`,
        `w`.`items` AS `stock`
    FROM `product` AS `p`
        LEFT JOIN `warehouse` AS `w`
            ON `p`.`id` = `w`.`product_id`
        LEFT JOIN `warehouse_shelf` AS `ws`
            ON `ws`.`shelf_id` = `w`.`shelf_id`
    GROUP BY `p`.`id`, `ws`.`description`, `w`.`items`
    ;
END ;;
DELIMITER ;
/*!50003 SET sql_mode              = @saved_sql_mode */ ;
/*!50003 SET character_set_client  = @saved_cs_client */ ;
/*!50003 SET character_set_results = @saved_cs_results */ ;
/*!50003 SET collation_connection  = @saved_col_connection */ ;
/*!50003 DROP PROCEDURE IF EXISTS `show_log` */;
/*!50003 SET @saved_cs_client      = @@character_set_client */ ;
/*!50003 SET @saved_cs_results     = @@character_set_results */ ;
/*!50003 SET @saved_col_connection = @@collation_connection */ ;
/*!50003 SET character_set_client  = utf8 */ ;
/*!50003 SET character_set_results = utf8 */ ;
/*!50003 SET collation_connection  = utf8_general_ci */ ;
/*!50003 SET @saved_sql_mode       = @@sql_mode */ ;
/*!50003 SET sql_mode              = 'ONLY_FULL_GROUP_BY,STRICT_TRANS_TABLES,NO_ZERO_IN_DATE,NO_ZERO_DATE,ERROR_FOR_DIVISION_BY_ZERO,NO_ENGINE_SUBSTITUTION' */ ;
DELIMITER ;;
CREATE DEFINER=`user`@`%` PROCEDURE `show_log`(
    a_number INT
)
BEGIN
    SELECT
        *
    FROM event_log
    ORDER by id DESC
    LIMIT a_number
    ;
END ;;
DELIMITER ;
/*!50003 SET sql_mode              = @saved_sql_mode */ ;
/*!50003 SET character_set_client  = @saved_cs_client */ ;
/*!50003 SET character_set_results = @saved_cs_results */ ;
/*!50003 SET collation_connection  = @saved_col_connection */ ;
/*!50003 DROP PROCEDURE IF EXISTS `show_product` */;
/*!50003 SET @saved_cs_client      = @@character_set_client */ ;
/*!50003 SET @saved_cs_results     = @@character_set_results */ ;
/*!50003 SET @saved_col_connection = @@collation_connection */ ;
/*!50003 SET character_set_client  = utf8 */ ;
/*!50003 SET character_set_results = utf8 */ ;
/*!50003 SET collation_connection  = utf8_general_ci */ ;
/*!50003 SET @saved_sql_mode       = @@sql_mode */ ;
/*!50003 SET sql_mode              = 'ONLY_FULL_GROUP_BY,STRICT_TRANS_TABLES,NO_ZERO_IN_DATE,NO_ZERO_DATE,ERROR_FOR_DIVISION_BY_ZERO,NO_ENGINE_SUBSTITUTION' */ ;
DELIMITER ;;
CREATE DEFINER=`user`@`%` PROCEDURE `show_product`()
BEGIN
    SELECT
        `p`.`id` AS `id`,
        `p`.`description` AS `article`,
        `p`.`price` AS `price`,
        GROUP_CONCAT(`c`.`category`) AS `category`,
        `w`.`items` AS `stock`
    FROM `product` AS `p`
        LEFT JOIN `producttocat` AS `p2c`
            ON `p`.`id` = `p2c`.`prod_id`
        LEFT JOIN `prod_cat` AS `c`
            ON `c`.`id`= `p2c`.`cat_id`
        LEFT JOIN `warehouse` AS `w`
            ON `p`.`id` = `w`.`product_id`
    GROUP BY `p`.`id`, `w`.`items`
    ;
END ;;
DELIMITER ;
/*!50003 SET sql_mode              = @saved_sql_mode */ ;
/*!50003 SET character_set_client  = @saved_cs_client */ ;
/*!50003 SET character_set_results = @saved_cs_results */ ;
/*!50003 SET collation_connection  = @saved_col_connection */ ;
/*!50003 DROP PROCEDURE IF EXISTS `show_productonly` */;
/*!50003 SET @saved_cs_client      = @@character_set_client */ ;
/*!50003 SET @saved_cs_results     = @@character_set_results */ ;
/*!50003 SET @saved_col_connection = @@collation_connection */ ;
/*!50003 SET character_set_client  = utf8 */ ;
/*!50003 SET character_set_results = utf8 */ ;
/*!50003 SET collation_connection  = utf8_general_ci */ ;
/*!50003 SET @saved_sql_mode       = @@sql_mode */ ;
/*!50003 SET sql_mode              = 'ONLY_FULL_GROUP_BY,STRICT_TRANS_TABLES,NO_ZERO_IN_DATE,NO_ZERO_DATE,ERROR_FOR_DIVISION_BY_ZERO,NO_ENGINE_SUBSTITUTION' */ ;
DELIMITER ;;
CREATE DEFINER=`user`@`%` PROCEDURE `show_productonly`()
BEGIN
    SELECT * FROM product;
END ;;
DELIMITER ;
/*!50003 SET sql_mode              = @saved_sql_mode */ ;
/*!50003 SET character_set_client  = @saved_cs_client */ ;
/*!50003 SET character_set_results = @saved_cs_results */ ;
/*!50003 SET collation_connection  = @saved_col_connection */ ;
/*!50003 DROP PROCEDURE IF EXISTS `show_shelf` */;
/*!50003 SET @saved_cs_client      = @@character_set_client */ ;
/*!50003 SET @saved_cs_results     = @@character_set_results */ ;
/*!50003 SET @saved_col_connection = @@collation_connection */ ;
/*!50003 SET character_set_client  = utf8 */ ;
/*!50003 SET character_set_results = utf8 */ ;
/*!50003 SET collation_connection  = utf8_general_ci */ ;
/*!50003 SET @saved_sql_mode       = @@sql_mode */ ;
/*!50003 SET sql_mode              = 'ONLY_FULL_GROUP_BY,STRICT_TRANS_TABLES,NO_ZERO_IN_DATE,NO_ZERO_DATE,ERROR_FOR_DIVISION_BY_ZERO,NO_ENGINE_SUBSTITUTION' */ ;
DELIMITER ;;
CREATE DEFINER=`user`@`%` PROCEDURE `show_shelf`()
BEGIN
    SELECT * FROM warehouse_shelf;
END ;;
DELIMITER ;
/*!50003 SET sql_mode              = @saved_sql_mode */ ;
/*!50003 SET character_set_client  = @saved_cs_client */ ;
/*!50003 SET character_set_results = @saved_cs_results */ ;
/*!50003 SET collation_connection  = @saved_col_connection */ ;

--
-- Final view structure for view `v_inventory`
--

/*!50001 DROP VIEW IF EXISTS `v_inventory`*/;
/*!50001 SET @saved_cs_client          = @@character_set_client */;
/*!50001 SET @saved_cs_results         = @@character_set_results */;
/*!50001 SET @saved_col_connection     = @@collation_connection */;
/*!50001 SET character_set_client      = utf8 */;
/*!50001 SET character_set_results     = utf8 */;
/*!50001 SET collation_connection      = utf8_general_ci */;
/*!50001 CREATE ALGORITHM=UNDEFINED */
/*!50013 DEFINER=`user`@`%` SQL SECURITY DEFINER */
/*!50001 VIEW `v_inventory` AS select `p`.`id` AS `id`,`p`.`description` AS `article`,`ws`.`description` AS `shelf`,`w`.`items` AS `stock` from ((`product` `p` left join `warehouse` `w` on((`p`.`id` = `w`.`product_id`))) left join `warehouse_shelf` `ws` on((`ws`.`shelf_id` = `w`.`shelf_id`))) group by `p`.`id`,`ws`.`description`,`w`.`items` */;
/*!50001 SET character_set_client      = @saved_cs_client */;
/*!50001 SET character_set_results     = @saved_cs_results */;
/*!50001 SET collation_connection      = @saved_col_connection */;

--
-- Final view structure for view `vpick_list`
--

/*!50001 DROP VIEW IF EXISTS `vpick_list`*/;
/*!50001 SET @saved_cs_client          = @@character_set_client */;
/*!50001 SET @saved_cs_results         = @@character_set_results */;
/*!50001 SET @saved_col_connection     = @@collation_connection */;
/*!50001 SET character_set_client      = utf8 */;
/*!50001 SET character_set_results     = utf8 */;
/*!50001 SET collation_connection      = utf8_general_ci */;
/*!50001 CREATE ALGORITHM=UNDEFINED */
/*!50013 DEFINER=`user`@`%` SQL SECURITY DEFINER */
/*!50001 VIEW `vpick_list` AS select `o`.`id` AS `order_number`,`or`.`id` AS `order_row`,`p`.`description` AS `description`,`or`.`items` AS `items_ordered`,`ws`.`shelf_id` AS `shelf`,`ws`.`description` AS `shelf_location`,`w`.`items` AS `items_avaliable` from ((((`order` `o` join `order_row` `or` on((`o`.`id` = `or`.`order`))) join `product` `p` on((`or`.`product` = `p`.`id`))) join `warehouse` `w` on((`p`.`id` = `w`.`product_id`))) join `warehouse_shelf` `ws` on((`w`.`shelf_id` = `ws`.`shelf_id`))) group by `order_row` */;
/*!50001 SET character_set_client      = @saved_cs_client */;
/*!50001 SET character_set_results     = @saved_cs_results */;
/*!50001 SET collation_connection      = @saved_col_connection */;
/*!40103 SET TIME_ZONE=@OLD_TIME_ZONE */;

/*!40101 SET SQL_MODE=@OLD_SQL_MODE */;
/*!40014 SET FOREIGN_KEY_CHECKS=@OLD_FOREIGN_KEY_CHECKS */;
/*!40014 SET UNIQUE_CHECKS=@OLD_UNIQUE_CHECKS */;
/*!40101 SET CHARACTER_SET_CLIENT=@OLD_CHARACTER_SET_CLIENT */;
/*!40101 SET CHARACTER_SET_RESULTS=@OLD_CHARACTER_SET_RESULTS */;
/*!40101 SET COLLATION_CONNECTION=@OLD_COLLATION_CONNECTION */;
/*!40111 SET SQL_NOTES=@OLD_SQL_NOTES */;

-- Dump completed on 2019-03-01 10:21:06
